id,name,type,alias,desc,date,role,tags
"ep","Parlement européen","org","PE, European Parliament","Institution législative de l'Union européenne composée de 720 députés élus au suffrage universel direct. Siège à Strasbourg, travaux à Bruxelles.","1952","","institution,UE,législatif,démocratie,Strasbourg,Bruxelles"
"ec","Commission européenne","org","CE, European Commission","Organe exécutif de l'UE, propose les lois et veille à leur application. Un commissaire par État membre.","1958","","institution,UE,exécutif,Bruxelles"
"council","Conseil européen","org","European Council","Réunit les chefs d'État ou de gouvernement des États membres. Définit les orientations politiques générales de l'UE.","1974","","institution,UE,intergouvernemental,sommets"
"epp","Groupe PPE","org","EPP, Parti populaire européen, Christian Democrats","Premier groupe politique du PE avec 188 sièges (26.1%). Centre-droit, chrétiens-démocrates, conservateurs modérés. Pro-européen.","1976","ally","groupe-PE,centre-droit,chrétien-démocrate,pro-UE,majorité"
"sd","Groupe S&D","org","Socialistes et Démocrates, Progressive Alliance","Deuxième groupe du PE avec 136 sièges (18.9%). Centre-gauche, sociaux-démocrates. Pro-européen.","1953","ally","groupe-PE,centre-gauche,social-démocrate,pro-UE,majorité"
"pfe","Patriots for Europe","org","PfE, Patriotes pour l'Europe","Troisième groupe du PE avec 84 sièges (11.7%). Droite nationaliste, eurosceptique. Fondé en juillet 2024 par Orbán, remplace ID.","2024","adversary","groupe-PE,extrême-droite,nationaliste,eurosceptique,populiste,souverainiste"
"ecr","Groupe ECR","org","Conservateurs et Réformistes européens","Quatrième groupe du PE avec 78 sièges (10.8%). Droite conservatrice, eurosceptique soft, anti-fédéraliste.","2009","undecided","groupe-PE,droite,conservateur,eurosceptique,souverainiste"
"renew","Renew Europe","org","RE, Libéraux","Cinquième groupe du PE avec 77 sièges (10.7%). Centre, libéraux, pro-européens. Inclut ALDE et EDP.","2019","ally","groupe-PE,centre,libéral,pro-UE,majorité,centriste"
"greens","Verts/ALE","org","Greens/EFA, Verts, Alliance libre européenne","Sixième groupe du PE avec 53 sièges. Écologistes et régionalistes. Pertes importantes en 2024 (-19 sièges).","1999","ally","groupe-PE,écologiste,gauche,pro-UE,régionaliste,climat"
"left","The Left - GUE/NGL","org","La Gauche, Gauche unitaire européenne","Septième groupe du PE avec 46 sièges. Gauche radicale, eurosceptique de gauche.","1995","undecided","groupe-PE,gauche-radicale,eurosceptique,anti-austérité"
"esn","Europe of Sovereign Nations","org","ESN, Europe des Nations Souveraines","Huitième groupe du PE, créé en 2024. Extrême-droite dure. Inclut l'AfD allemand.","2024","adversary","groupe-PE,extrême-droite,souverainiste,eurosceptique"
"vonderleyen","Ursula von der Leyen","person","VdL, UvdL","Présidente de la Commission européenne depuis 2019, réélue en 2024 avec 401 voix. CDU allemande, membre du PPE.","1958","ally","Commission,présidente,CDU,PPE,Allemagne,femme"
"metsola","Roberta Metsola","person","","Présidente du Parlement européen depuis 2022. Parti nationaliste maltais, membre du PPE. Plus jeune présidente du PE.","1979","ally","PE,présidente,PPE,Malte,femme"
"costa","António Costa","person","","Président du Conseil européen depuis décembre 2024. Ancien Premier ministre du Portugal (2015-2024). PS portugais, S&D.","1961","ally","Conseil-européen,président,PS,S&D,Portugal,socialiste"
"kallas","Kaja Kallas","person","","Haute Représentante pour les affaires étrangères depuis 2024. Ancienne Première ministre d'Estonie. Parti de la Réforme, Renew.","1977","ally","diplomatie,PESC,Estonie,Renew,femme,atlantiste"
"weber","Manfred Weber","person","","Président du groupe PPE au PE et du parti PPE. CSU bavaroise. Candidat malheureux à la présidence de la Commission en 2019.","1972","ally","PPE,président-groupe,CSU,Allemagne,Bavière"
"garcia","Iratxe García Pérez","person","Iratxe García","Présidente du groupe S&D au PE. PSOE espagnol. Eurodéputée depuis 2004.","1974","ally","S&D,présidente-groupe,PSOE,Espagne,femme,socialiste"
"bardella","Jordan Bardella","person","","Président du groupe Patriots for Europe et du Rassemblement National français. Plus jeune président de groupe au PE.","1995","adversary","PfE,président-groupe,RN,France,extrême-droite,nationaliste"
"hayer","Valérie Hayer","person","","Présidente du groupe Renew Europe. Renaissance français (parti de Macron). Tête de liste aux européennes 2024.","1986","ally","Renew,présidente-groupe,Renaissance,France,femme,macroniste"
"reintke","Terry Reintke","person","","Co-présidente du groupe Verts/ALE. Grünen allemande. Militante LGBT+.","1987","ally","Verts,co-présidente,Grüne,Allemagne,femme,LGBT"
"aubry","Manon Aubry","person","","Co-présidente du groupe The Left. La France Insoumise. Ancienne porte-parole d'Oxfam France.","1989","undecided","Left,co-présidente,LFI,France,femme,gauche-radicale"
"meloni","Giorgia Meloni","person","","Première ministre d'Italie depuis 2022. Présidente de Fratelli d'Italia et ancienne présidente de l'ECR (jusqu'en déc. 2024). Première femme à diriger le gouvernement italien.","1977","undecided","Italie,Premier-ministre,FDI,ECR,droite,femme,conservateur"
"orban","Viktor Orbán","person","","Premier ministre de Hongrie depuis 2010. Président du Fidesz. Fondateur de Patriots for Europe. Critiqué pour dérive autoritaire.","1963","adversary","Hongrie,Premier-ministre,Fidesz,PfE,autoritarisme,illibéralisme"
"macron","Emmanuel Macron","person","","Président de la République française depuis 2017. Fondateur de Renaissance/En Marche. Pro-européen, centriste.","1977","ally","France,président,Renaissance,Renew,pro-UE,centriste"
"scholz","Olaf Scholz","person","","Chancelier d'Allemagne depuis 2021. SPD. Coalition ""feu tricolore"" (SPD-Verts-FDP) dissoute en novembre 2024.","1958","ally","Allemagne,chancelier,SPD,S&D,social-démocrate"
"tusk","Donald Tusk","person","","Premier ministre de Pologne depuis 2023. Plateforme civique (PO). Ancien président du Conseil européen (2014-2019). Pro-UE.","1957","ally","Pologne,Premier-ministre,PO,PPE,pro-UE"
"sanchez","Pedro Sánchez","person","","Président du gouvernement espagnol depuis 2018. PSOE. Coalition avec Sumar.","1972","ally","Espagne,Premier-ministre,PSOE,S&D,socialiste"
"lepen","Marine Le Pen","person","MLP","Présidente d'honneur du RN. Candidate à la présidentielle 2017, 2022, potentiellement 2027. Condamnée en 2025 pour détournement de fonds européens.","1968","adversary","France,RN,PfE,extrême-droite,nationaliste,présidentielle"
"salvini","Matteo Salvini","person","","Vice-Premier ministre d'Italie et ministre des Infrastructures. Secrétaire fédéral de la Lega. Patriots for Europe.","1973","adversary","Italie,Lega,PfE,extrême-droite,souverainiste"
"morawiecki","Mateusz Morawiecki","person","","Ancien Premier ministre de Pologne (2017-2023). PiS. Président de l'ECR depuis décembre 2024, succédant à Meloni.","1968","undecided","Pologne,PiS,ECR,conservateur,président-groupe"
"wilders","Geert Wilders","person","","Leader du PVV néerlandais. Vainqueur des élections 2023 aux Pays-Bas. Islamophobe, eurosceptique. Patriots for Europe.","1963","adversary","Pays-Bas,PVV,PfE,extrême-droite,islamophobe"
"abascal","Santiago Abascal","person","","Président de Vox (Espagne). Parti d'extrême-droite espagnol. A rejoint Patriots for Europe en 2024 (quittant l'ECR).","1976","adversary","Espagne,Vox,PfE,extrême-droite,nationaliste"
"babis","Andrej Babiš","person","","Ancien Premier ministre tchèque. Parti ANO. Co-fondateur de Patriots for Europe avec Orbán en 2024.","1954","adversary","Tchéquie,ANO,PfE,populiste,oligarque"
"cdu","CDU/CSU","org","Union chrétienne-démocrate, Union","Parti chrétien-démocrate allemand (CDU) et son allié bavarois (CSU). Premier parti allemand. 30 eurodéputés. PPE.","1945","ally","Allemagne,PPE,chrétien-démocrate,centre-droit,Merkel"
"spd","SPD","org","Parti social-démocrate d'Allemagne","Plus vieux parti allemand. Social-démocrate. 14 eurodéputés. S&D. Scholz.","1863","ally","Allemagne,S&D,social-démocrate,centre-gauche"
"grune","Bündnis 90/Die Grünen","org","Verts allemands, Grüne","Parti écologiste allemand. 16 eurodéputés (pertes en 2024). Verts/ALE. Annalena Baerbock (Affaires étrangères).","1980","ally","Allemagne,Verts,écologiste,gauche"
"afd","Alternative für Deutschland","org","AfD","Parti d'extrême-droite allemand. Eurosceptique. Exclu du groupe ID en 2024, rejoint ESN. 15 eurodéputés.","2013","adversary","Allemagne,ESN,extrême-droite,eurosceptique,anti-immigration"
"rn","Rassemblement National","org","RN, ex-FN","Premier parti français aux européennes 2024 (30+ sièges). Extrême-droite. Bardella, Le Pen. Patriots for Europe.","1972","adversary","France,PfE,extrême-droite,nationaliste,eurosceptique"
"renaissance","Renaissance","org","RE, LREM, En Marche","Parti centriste français de Macron. 13 eurodéputés (pertes en 2024). Renew Europe.","2016","ally","France,Renew,centriste,pro-UE,libéral,macronisme"
"lfi","La France Insoumise","org","LFI, Insoumis","Parti de gauche radicale français. Mélenchon. 9 eurodéputés. The Left. Eurosceptique de gauche.","2016","undecided","France,Left,gauche-radicale,populiste,Mélenchon"
"lr","Les Républicains","org","LR, ex-UMP","Parti de droite gaulliste français. Affaibli. 6 eurodéputés. PPE. Crise interne sur l'alliance avec le RN.","2015","ally","France,PPE,droite,gaulliste,conservateur"
"ps_fr","Parti Socialiste (France)","org","PS","Parti social-démocrate français. Renaissance sous Hollande, déclin puis légère remontée. 13 eurodéputés. S&D.","1969","ally","France,S&D,socialiste,centre-gauche"
"fdi","Fratelli d'Italia","org","FDI, Frères d'Italie","Parti de Giorgia Meloni. Premier parti italien. Post-fasciste devenu conservateur. 24 eurodéputés. ECR.","2012","undecided","Italie,ECR,droite,nationaliste,conservateur"
"pd","Partito Democratico","org","PD, Parti démocrate","Principal parti de centre-gauche italien. Elly Schlein. 21 eurodéputés. S&D.","2007","ally","Italie,S&D,centre-gauche,social-démocrate"
"lega","Lega","org","Lega Nord, Ligue","Parti de Salvini. Ex-régionaliste devenu nationaliste italien. 8 eurodéputés. Patriots for Europe.","1991","adversary","Italie,PfE,extrême-droite,nationaliste,eurosceptique"
"m5s","Movimento 5 Stelle","org","M5S, Cinq Étoiles","Mouvement anti-establishment italien. Giuseppe Conte. 8 eurodéputés. Non-inscrits puis tentatives d'alliance.","2009","undecided","Italie,populiste,anti-establishment,écologiste"
"pp","Partido Popular","org","PP","Parti de centre-droit espagnol. Alberto Núñez Feijóo. Premier parti espagnol aux européennes 2024. 22 eurodéputés. PPE.","1989","ally","Espagne,PPE,centre-droit,conservateur"
"psoe","PSOE","org","Parti socialiste ouvrier espagnol","Parti de Pedro Sánchez. Social-démocrate. Au gouvernement. 20 eurodéputés. S&D.","1879","ally","Espagne,S&D,socialiste,centre-gauche"
"vox","Vox","org","","Parti d'extrême-droite espagnol. Abascal. A quitté l'ECR pour Patriots for Europe en 2024. 6 eurodéputés.","2013","adversary","Espagne,PfE,extrême-droite,nationaliste,anti-immigration"
"po","Platforma Obywatelska","org","PO, Plateforme civique, KO","Parti de Donald Tusk. Coalition Koalicja Obywatelska. Libéral-conservateur, pro-UE. 21 eurodéputés. PPE.","2001","ally","Pologne,PPE,libéral,pro-UE,centriste"
"pis","Prawo i Sprawiedliwość","org","PiS, Droit et Justice","Parti conservateur national polonais. Kaczyński. Opposition depuis 2023. 20 eurodéputés. ECR.","2001","undecided","Pologne,ECR,conservateur,nationaliste,eurosceptique"
"fidesz","Fidesz","org","Union civique hongroise","Parti de Viktor Orbán. Dominant en Hongrie depuis 2010. A quitté le PPE en 2021. 11 eurodéputés. Patriots for Europe.","1988","adversary","Hongrie,PfE,nationaliste,illibéral,autoritaire"
"pvv","PVV","org","Parti pour la Liberté","Parti de Geert Wilders. Extrême-droite néerlandaise. Vainqueur des législatives 2023. 6 eurodéputés. Patriots for Europe.","2006","adversary","Pays-Bas,PfE,extrême-droite,islamophobe,eurosceptique"
"vvd","VVD","org","Parti populaire pour la liberté et la démocratie","Parti libéral-conservateur néerlandais. Parti de Mark Rutte. 4 eurodéputés. Renew puis PPE.","1948","ally","Pays-Bas,PPE,libéral,centre-droit"
"nva","N-VA","org","Nieuw-Vlaamse Alliantie","Parti nationaliste flamand belge. Centre-droit, indépendantiste. 3 eurodéputés. ECR.","2001","undecided","Belgique,ECR,nationaliste,flamand,séparatiste"
"vb","Vlaams Belang","org","VB","Parti d'extrême-droite flamand. Tom Van Grieken. 3 eurodéputés. Patriots for Europe.","2004","adversary","Belgique,PfE,extrême-droite,flamand,séparatiste"
"fpo","FPÖ","org","Parti de la Liberté d'Autriche","Parti d'extrême-droite autrichien. Herbert Kickl. Vainqueur des législatives 2024. 6 eurodéputés. Patriots for Europe.","1956","adversary","Autriche,PfE,extrême-droite,eurosceptique"
"ovp","ÖVP","org","Parti populaire autrichien","Parti conservateur autrichien. Centre-droit. 5 eurodéputés. PPE.","1945","ally","Autriche,PPE,conservateur,centre-droit"
"sd_sweden","Sverigedemokraterna","org","SD, Démocrates de Suède","Parti d'extrême-droite suédois. Jimmie Åkesson. 3 eurodéputés. ECR.","1988","undecided","Suède,ECR,extrême-droite,nationaliste"
"finns","Perussuomalaiset","org","Vrais Finlandais, Finns Party","Parti populiste de droite finlandais. Au gouvernement depuis 2023. 4 eurodéputés. Patriots for Europe (ex-ECR).","1995","adversary","Finlande,PfE,populiste,eurosceptique"
"ods","ODS","org","Parti démocrate civique","Parti conservateur tchèque. Petr Fiala (Premier ministre). 3 eurodéputés. ECR.","1991","undecided","Tchéquie,ECR,conservateur,libéral"
"ano","ANO 2011","org","ANO","Parti populiste tchèque d'Andrej Babiš. A quitté Renew pour Patriots for Europe en 2024. 7 eurodéputés.","2011","adversary","Tchéquie,PfE,populiste,centriste"
"volt","Volt Europa","org","Volt","Parti paneuropéen progressiste. Fédéraliste. 5 eurodéputés. Verts/ALE.","2017","ally","paneuropéen,Verts,fédéraliste,pro-UE,jeunes"
"elections2024","Élections européennes 2024","event","","Élections du 6-9 juin 2024. 720 députés élus. Victoire du PPE, percée de l'extrême-droite (PfE, ECR). Taux de participation: 51%.","6-9 juin 2024","","élections,2024,PE,démocratie,participation"
"formation_pfe","Création de Patriots for Europe","event","","Formation du groupe PfE le 8 juillet 2024 par Orbán, Babiš et Kickl. Rejoint par le RN, Lega, Vox, PVV. Remplace ID.","8 juillet 2024","","groupe,extrême-droite,Orbán,recomposition"
"election_vdl","Réélection de von der Leyen","event","","Ursula von der Leyen réélue présidente de la Commission le 18 juillet 2024 avec 401 voix (284 contre). Soutien PPE, S&D, Renew, Verts.","18 juillet 2024","","Commission,vote,majorité,coalition"
"condamnation_lepen","Condamnation de Marine Le Pen","event","","Marine Le Pen condamnée pour détournement de fonds européens (affaire des assistants parlementaires). Inéligible 5 ans (appel en cours).","2025","","justice,RN,corruption,inéligibilité,France"
"chute_scholz","Chute de la coalition Scholz","event","","Effondrement de la coalition ""feu tricolore"" en Allemagne. Départ du FDP. Élections anticipées prévues en 2025.","Novembre 2024","","Allemagne,crise,coalition,Scholz"
"qatargate","Qatargate","event","Scandale de corruption","Scandale de corruption au PE révélé en décembre 2022. Eva Kaili (vice-présidente) arrêtée. Implication du Qatar et du Maroc.","Décembre 2022","","corruption,PE,Qatar,Maroc,scandale"
"russiagate","Russiagate européen","event","Ingérence russe","Enquêtes sur l'influence russe au PE. Plusieurs eurodéputés accusés de promouvoir les intérêts russes. Nathan Gill (UK) condamné.","2023-2025","","Russie,ingérence,corruption,PE,désinformation"
"green_deal","Pacte vert européen","object","Green Deal, European Green Deal","Ensemble de politiques visant la neutralité carbone en 2050. Priorité de la Commission von der Leyen I. Contesté par la droite et l'extrême-droite.","2019","","climat,environnement,législation,2050,transition"
"pacte_migration","Pacte sur la migration et l'asile","object","Migration Pact","Réforme du système d'asile européen adoptée en 2024. Solidarité obligatoire entre États. Critiqué à gauche et à droite.","2024","","migration,asile,réforme,solidarité"
"strasbourg","Strasbourg","place","","Siège officiel du Parlement européen. Sessions plénières mensuelles. Symbole de la réconciliation franco-allemande.","","","PE,siège,France,Alsace,sessions"
"bruxelles","Bruxelles","place","Brussels","Capitale de facto de l'UE. Siège de la Commission, du Conseil et des commissions du PE. Quartier européen.","","","UE,Commission,Conseil,Belgique,institutions"
"spitzenkandidat","Système Spitzenkandidat","object","Tête de liste","Procédure où chaque groupe présente un candidat à la présidence de la Commission. Controversé (non appliqué en 2019).","2014","","procédure,Commission,démocratie,élections"
"ent-neo","Neo","person","","L’Élu capable de manipuler la Matrice.","","ally","elu,resistance,code"
"ent-trinity","Trinity","person","","Combattante de la résistance humaine.","","ally","resistance,combat"
"ent-morpheus","Morpheus","person","","Chef de la résistance et mentor de Neo.","","ally","resistance,mentor"
"ent-smith","Agent Smith","person","","Programme autonome cherchant à détruire l’équilibre.","","adversary","agent,virus,controle"
"ent-matrix","La Matrice","system","","Simulation contrôlant l’humanité.","","","simulation,controle,ia"
"ent-zion","Zion","place","","Dernière cité humaine libre.","","","resistance,humanite"
"ent-pill","Pilule Rouge","object","","Révèle la vérité sur la Matrice.","","","reveil,choix"
"frodo","Frodon Sacquet","person","Frodo Baggins, Porteur de l'Anneau, M. Soucolline","Hobbit de la Comté, neveu et héritier de Bilbon. Porteur de l'Anneau Unique, il entreprend la quête pour le détruire dans les flammes de la Montagne du Destin. Personnage central de la trilogie.","2968-09-22","ally","hobbit,porteur,communauté,héros"
"sam","Samsagace Gamegie","person","Sam Gamgee, Maître Samsagace","Jardinier de Frodon et son plus fidèle compagnon. Incarne la loyauté et le courage ordinaire. Porte brièvement l'Anneau. Devient maire de la Comté.","2980-04-06","ally","hobbit,communauté,jardinier,héros"
"gandalf","Gandalf","person","Mithrandir, Gandalf le Gris, Gandalf le Blanc, Olórin, Tharkûn","Istari (magicien) envoyé par les Valar. Guide de la Communauté. Meurt face au Balrog à Moria et revient comme Gandalf le Blanc. Porteur de Narya, l'anneau de feu.","","ally","istari,maiar,communauté,magicien"
"aragorn","Aragorn II","person","Grand-Pas, Elessar, Estel, Thorongil, Roi du Gondor","Héritier d'Isildur, 16e chef des Dúnedain du Nord. Rôdeur devenu roi du Gondor et de l'Arnor réunifiés. Épouse Arwen après la guerre.","2931-03-01","ally","dúnedain,communauté,roi,rôdeur"
"legolas","Legolas Vertefeuille","person","Legolas Greenleaf","Prince elfe de la Forêt Noire, fils du roi Thranduil. Archer d'exception. Membre de la Communauté. Développe une amitié improbable avec Gimli le nain.","","ally","elfe,communauté,archer,prince"
"gimli","Gimli","person","Ami des Elfes, Seigneur des Cavernes Étincelantes","Nain des Montagnes Bleues, fils de Gloïn. Guerrier à la hache. Sa rivalité avec Legolas se transforme en amitié légendaire. Reçoit trois cheveux de Galadriel.","2879","ally","nain,communauté,guerrier"
"boromir","Boromir","person","Fils de Denethor","Fils aîné de Denethor II, Intendant du Gondor. Capitaine de la Tour Blanche. Tenté par l'Anneau, il se rachète en défendant Merry et Pippin jusqu'à la mort.","2978","ally","gondor,communauté,capitaine"
"merry","Meriadoc Brandebouc","person","Merry, Holdwine du Rohan","Hobbit cousin de Frodon. Membre de la Communauté. Écuyer du roi Théoden. Aide Éowyn à vaincre le Roi-Sorcier d'Angmar avec une lame de l'Ouistrenesse.","2982","ally","hobbit,communauté,écuyer"
"pippin","Peregrïn Touque","person","Pippin, Garde de la Citadelle","Plus jeune membre de la Communauté. Regarder dans le Palantír déclenche des événements cruciaux. Devient Garde de la Citadelle du Gondor.","2990","ally","hobbit,communauté,garde"
"sauron","Sauron","person","Le Seigneur Ténébreux, Annatar, Gorthaur, L'Œil, Le Nécromancien","Maiar corrompu par Morgoth. Forgea l'Anneau Unique pour contrôler tous les autres anneaux de pouvoir. Son esprit est lié à l'Anneau.","","adversary","maiar,antagoniste,mordor"
"saruman","Saroumane","person","Saruman le Blanc, Sharkey, Saroumane le Multicolore","Chef du Conseil des Istari. Corrompu par son usage du Palantír et sa soif de pouvoir. Crée les Uruk-hai. Détruit par Sauron puis par Gríma.","","adversary","istari,traître,isengard"
"gollum","Gollum","person","Sméagol, Trahald","Anciennement un hobbit des Forts, corrompu par l'Anneau pendant 500 ans. Guide Frodon et Sam vers le Mordor. Sa chute dans le feu détruit finalement l'Anneau.","2430","undecided","hobbit,porteur,guide"
"elrond","Elrond Semi-elfe","person","Maître de Fondcombe","Seigneur de Fondcombe, père d'Arwen. Porteur de Vilya, l'anneau d'air. Convoque le Conseil qui décide du sort de l'Anneau. A combattu lors de la Dernière Alliance.","","ally","elfe,semi-elfe,seigneur"
"galadriel","Galadriel","person","Dame de Lórien, Dame de Lumière","Dame de la Lothlórien avec Celeborn. Porteuse de Nenya, l'anneau d'eau. L'une des plus puissantes elfes de la Terre du Milieu. Résiste à la tentation de l'Anneau.","","ally","elfe,noldor,dame"
"arwen","Arwen Undómiel","person","Étoile du Soir","Fille d'Elrond, renonce à l'immortalité pour épouser Aragorn. Symbole de l'amour entre elfes et hommes.","241-TA","ally","elfe,semi-elfe,princesse"
"theoden","Théoden","person","Roi de Rohan, Théoden Ednew","17e roi du Rohan. Libéré de l'influence de Saroumane par Gandalf. Mène la charge héroïque sur les champs du Pelennor où il trouve la mort.","2948","ally","rohan,roi,rohirrim"
"eowyn","Éowyn","person","Dame Blanche de Rohan, Dernhelm","Nièce de Théoden, sœur d'Éomer. Déguisée en homme, elle tue le Roi-Sorcier d'Angmar avec l'aide de Merry. Épouse Faramir.","2995","ally","rohan,dame,guerrière"
"faramir","Faramir","person","Capitaine de l'Ithilien, Prince de l'Ithilien","Second fils de Denethor, frère de Boromir. Capitaine des Rôdeurs d'Ithilien. Résiste à la tentation de l'Anneau. Épouse Éowyn.","2983","ally","gondor,capitaine,rôdeur"
"denethor","Denethor II","person","Intendant du Gondor","26e Intendant Régnant du Gondor. Père de Boromir et Faramir. Consumé par le désespoir via le Palantír, se suicide sur un bûcher.","2930","undecided","gondor,intendant"
"bilbo","Bilbon Sacquet","person","Bilbo Baggins, Le Cambrioleur","Oncle de Frodon. Trouva l'Anneau dans la caverne de Gollum. Auteur du Livre Rouge. Part pour Fondcombe puis les Havres Gris.","2890-09-22","ally","hobbit,porteur,aventurier"
"witchking","Roi-Sorcier d'Angmar","person","Seigneur des Nazgûl, Capitaine Noir","Chef des Neuf Nazgûl. Ancien roi humain corrompu par un anneau de pouvoir. Tué par Éowyn et Merry lors de la bataille des Champs du Pelennor.","","adversary","nazgûl,antagoniste,spectre"
"treebeard","Sylvebarbe","person","Fangorn, Treebeard","Le plus ancien des Ents, gardiens de la forêt de Fangorn. Mène l'attaque des Ents contre Isengard.","","ally","ent,gardien,ancien"
"grima","Gríma Langue-de-Serpent","person","Wormtongue","Conseiller de Théoden, espion de Saroumane. Empoisonne l'esprit du roi. Finit par tuer Saroumane et est lui-même abattu.","","adversary","rohan,traître,espion"
"eomer","Éomer","person","Roi Éomer, 3e Maréchal","Neveu de Théoden, frère d'Éowyn. Devient 18e roi du Rohan après la mort de son oncle.","2991","ally","rohan,roi,maréchal"
"celeborn","Celeborn","person","Seigneur de Lórien","Époux de Galadriel, co-seigneur de la Lothlórien. Elfe Sindar d'origine.","","ally","elfe,sindar,seigneur"
"haldir","Haldir","person","Gardien de la Lórien","Capitaine des gardes de la Lothlórien. Guide la Communauté à travers les bois.","","ally","elfe,gardien,capitaine"
"thranduil","Thranduil","person","Roi de la Forêt Noire","Roi des Elfes Sylvains de la Forêt Noire, père de Legolas.","","ally","elfe,roi,sindar"
"glorfindel","Glorfindel","person","Seigneur elfe","Puissant seigneur elfe de Fondcombe. Sauve Frodon des Nazgûl au Gué de Bruinen.","","ally","elfe,noldor,seigneur"
"tom","Tom Bombadil","person","Iarwain Ben-adar, L'Aîné","Être mystérieux vivant dans la Vieille Forêt. L'Anneau n'a aucun pouvoir sur lui. Sa nature exacte reste inconnue.","","ally","mystère,ancien,forêt"
"radagast","Radagast le Brun","person","Aiwendil","Istari ami des animaux et de la nature. Envoyé par Yavanna.","","ally","istari,maiar,nature"
"shelob","Arachne","person","Shelob, Elle","Araignée géante descendante d'Ungoliant. Vit dans les tunnels de Cirith Ungol. Empoisonne Frodon mais est blessée par Sam.","","adversary","araignée,antagoniste,mordor"
"gothmog","Gothmog","person","Lieutenant de Morgul","Lieutenant de Minas Morgul, commande les forces de Sauron lors du siège de Minas Tirith.","","adversary","antagoniste,mordor,orc"
"shagrat","Shagrat","person","Capitaine de la Tour","Capitaine Uruk de la Tour de Cirith Ungol. Se bat contre Gorbag pour le mithril de Frodon.","","adversary","uruk,mordor,capitaine"
"lurtz","Lurtz","person","Chef Uruk-hai","Premier-né des Uruk-hai de Saroumane. Tue Boromir à Amon Hen. Tué par Aragorn.","","adversary","uruk-hai,isengard,capitaine"
"mouth","Bouche de Sauron","person","Lieutenant de Barad-dûr, Messager","Homme noir de Númenor, lieutenant de la Tour Sombre. Négocie à la Porte Noire.","","adversary","homme,mordor,lieutenant"
"isildur","Isildur","person","Roi du Gondor et de l'Arnor","Fils d'Elendil. Coupa l'Anneau de la main de Sauron mais refusa de le détruire. Tué par les Orques, l'Anneau fut perdu dans l'Anduin.","","ally","dúnedain,roi,histoire"
"elendil","Elendil","person","Le Grand","Fondateur des royaumes de Gondor et d'Arnor. Tué par Sauron lors de la Dernière Alliance.","","ally","dúnedain,roi,histoire"
"shire","La Comté","place","The Shire, Pays des Hobbits","Région paisible habitée par les Hobbits. Divisée en quatre Quartiers. Protégée secrètement par les Rôdeurs.","1601-TA","","hobbit,région,paix"
"hobbiton","Hobbitebourg","place","Hobbiton","Village de la Comté où se trouve Cul-de-Sac, demeure de Bilbon et Frodon.","","","hobbit,village,comté"
"bagend","Cul-de-Sac","place","Bag End","Trou de hobbit luxueux creusé dans la Colline de Hobbitebourg. Demeure des Sacquet.","","","hobbit,demeure,comté"
"rivendell","Fondcombe","place","Rivendell, Imladris","Refuge elfique caché dans une vallée. Demeure d'Elrond. Lieu du Conseil qui forme la Communauté de l'Anneau.","1697-SA","","elfe,refuge,vallée"
"moria","Moria","place","Khazad-dûm, Mines de la Moria, Cavenain","Ancien royaume nain sous les Monts Brumeux. Abandonné après l'éveil du Balrog. La Communauté y perd Gandalf.","","","nain,mines,danger"
"lothlorien","Lothlórien","place","Lórien, Bois Doré","Forêt elfique gouvernée par Galadriel et Celeborn. Sanctuaire protégé par le pouvoir de Nenya.","","","elfe,forêt,refuge"
"rohan","Rohan","place","Riddermark, Pays des Seigneurs des Chevaux","Royaume des Rohirrim, peuple cavalier. Allié du Gondor par serment. Capitale: Edoras.","2510-TA","","rohirrim,royaume,chevaux"
"edoras","Edoras","place","Capitale du Rohan","Cité royale du Rohan, siège de Meduseld, le palais doré.","","","rohan,capitale,citadelle"
"helmsdeep","Gouffre de Helm","place","Helm's Deep, Fort le Cor","Forteresse du Rohan dans les Montagnes Blanches. Théâtre d'une bataille décisive contre les Uruk-hai.","","","rohan,forteresse,bataille"
"gondor","Gondor","place","Royaume du Sud","Royaume des Dúnedain du Sud, fondé par Elendil et ses fils. Gouverné par des Intendants en l'absence du roi.","3320-SA","","dúnedain,royaume,hommes"
"minastirith","Minas Tirith","place","Cité des Rois, Tour de Garde, Mundburg","Capitale du Gondor. Cité à sept niveaux construite sur un éperon rocheux. Théâtre de la bataille des Champs du Pelennor.","","","gondor,capitale,citadelle"
"osgiliath","Osgiliath","place","Citadelle des Étoiles","Ancienne capitale du Gondor sur l'Anduin. En ruines après les guerres contre le Mordor.","","","gondor,ruines,rivière"
"mordor","Mordor","place","Pays Noir, Terre de l'Ombre","Royaume de Sauron. Entouré de montagnes. Contient Barad-dûr et la Montagne du Destin.","","","sauron,ténèbres,royaume"
"barad-dur","Barad-dûr","place","Tour Sombre, Lugbúrz","Forteresse de Sauron en Mordor. Construite avec le pouvoir de l'Anneau, elle s'effondre à sa destruction.","","","mordor,forteresse,sauron"
"mountdoom","Montagne du Destin","place","Orodruin, Mont Doom, Amon Amarth","Volcan de Mordor où Sauron forgea l'Anneau. Seul endroit où l'Anneau peut être détruit.","","","mordor,volcan,anneau"
"isengard","Isengard","place","Angrenost","Forteresse à la limite sud des Monts Brumeux. Siège de Saroumane et de la tour d'Orthanc. Détruite par les Ents.","","","saroumane,forteresse,orthanc"
"fangorn","Forêt de Fangorn","place","Entwood","Ancienne forêt où vivent les Ents. Merry et Pippin y rencontrent Sylvebarbe.","","","ent,forêt,ancienne"
"mirkwood","Forêt Noire","place","Mirkwood, Vertbois-le-Grand","Grande forêt à l'est des Monts Brumeux. Royaume de Thranduil au nord, corrompue par Dol Guldur au sud.","","","forêt,elfe,danger"
"dolguldur","Dol Guldur","place","Colline de la Sorcellerie","Forteresse de Sauron dans le sud de la Forêt Noire, avant son retour en Mordor.","","","forteresse,sauron,forêt"
"deadmarshes","Marais des Morts","place","Dead Marshes","Marécages hantés entre l'Emyn Muil et le Mordor. Renferme les corps de soldats de l'ancienne bataille de Dagorlad.","","","marais,morts,danger"
"cirithungol","Cirith Ungol","place","Passage de l'Araignée","Col secret menant au Mordor. Gardé par Arachne et une tour d'orques.","","","mordor,passage,araignée"
"pelennor","Champs du Pelennor","place","Pelennor Fields","Plaines devant Minas Tirith. Site de la plus grande bataille de la Guerre de l'Anneau.","","","gondor,bataille,plaines"
"blackgate","Porte Noire","place","Morannon, Black Gate","Entrée principale du Mordor. Site de la bataille finale où Aragorn défie Sauron.","","","mordor,porte,bataille"
"greyhavens","Havres Gris","place","Mithlond, Grey Havens","Port elfique d'où partent les navires vers les Terres Immortelles. Frodon y embarque à la fin.","","","elfe,port,départ"
"bree","Bree","place","Village de Bree","Village à la croisée des chemins où Hobbits et Hommes cohabitent. Les hobbits y rencontrent Grand-Pas au Poney Fringant.","","","village,auberge,carrefour"
"weathertop","Mont Venteux","place","Amon Sûl, Weathertop","Colline fortifiée en ruines où Frodon est poignardé par le Roi-Sorcier.","","","ruines,danger,arnor"
"ithilien","Ithilien","place","Terre de la Lune","Province du Gondor à l'ouest du Mordor. Faramir y commande les Rôdeurs.","","","gondor,province,jardins"
"minasmorgul","Minas Morgul","place","Tour de la Sorcellerie, Minas Ithil","Ancienne Minas Ithil, corrompue par les Nazgûl. Émet une lueur verdâtre.","","","nazgûl,forteresse,mordor"
"erebor","Erebor","place","Montagne Solitaire, Lonely Mountain","Royaume nain reconquis par Thorin et sa compagnie dans Le Hobbit. Gouverné par Dáin II.","","","nain,montagne,royaume"
"dunharrow","Dunharrow","place","Fort le Cor","Refuge fortifié du Rohan dans les Montagnes Blanches. Entrée des Chemins des Morts.","","","rohan,refuge,montagne"
"pathsdead","Chemins des Morts","place","Paths of the Dead","Passage hanté sous les Montagnes Blanches. Aragorn y recrute l'Armée des Morts.","","","morts,passage,montagne"
"amonhen","Amon Hen","place","Colline de l'Œil","Colline au bord de l'Anduin. La Communauté s'y sépare après l'attaque des Uruk-hai.","","","colline,anduin,rupture"
"fellowship","Communauté de l'Anneau","org","Fellowship of the Ring, Les Neuf Marcheurs","Groupe de neuf compagnons formé à Fondcombe pour escorter Frodon et détruire l'Anneau: 4 Hobbits, 2 Hommes, 1 Elfe, 1 Nain, 1 Istari.","3018","ally","quête,alliance,anneau"
"nazgul","Les Nazgûl","org","Spectres de l'Anneau, Les Neuf","Neuf rois humains corrompus par les anneaux de pouvoir donnés par Sauron. Serviteurs les plus terrifiants du Seigneur Ténébreux.","","adversary","spectre,sauron,terreur"
"ents","Les Ents","org","Gardiens des Arbres, Onodrim","Créatures arborescentes anciennes qui gardent les forêts. Mènent l'assaut contre Isengard.","","ally","arbre,gardien,fangorn"
"rangers","Rôdeurs du Nord","org","Dúnedain du Nord, Rangers","Descendants des Dúnedain d'Arnor. Protègent secrètement les terres de l'Eriador dont la Comté.","","ally","dúnedain,protecteur,nord"
"rohirrim","Rohirrim","org","Seigneurs des Chevaux","Peuple cavalier du Rohan, descendants des Éothéod. Réputés pour leurs charges de cavalerie.","","ally","rohan,cavalier,guerre"
"whitecouncil","Conseil Blanc","org","White Council","Conseil des Sages composé des Istari et des grands Elfes. Dirigé par Saroumane, puis abandonné.","","ally","istari,elfe,conseil"
"urukhai","Uruk-hai","org","Uruks de Saroumane","Race d'orques supérieurs créés par Saroumane. Plus grands, plus forts, supportent la lumière du soleil.","","adversary","orque,isengard,saroumane"
"deadarmy","Armée des Morts","org","Morts de Dunharrow","Esprits des hommes de la montagne maudits par Isildur pour avoir brisé leur serment. Libérés par Aragorn après Pelennor.","","ally","morts,serment,armée"
"istari","Les Istari","org","Les Magiciens, Wizards","Cinq Maiar envoyés par les Valar pour contrer Sauron: Saroumane, Gandalf, Radagast, et deux Mages Bleus.","","ally","maiar,magicien,valar"
"oathbreakers","Parjures","org","Oathbreakers","Hommes des Montagnes Blanches qui jurèrent allégeance à Isildur mais le trahirent.","","","morts,serment,malédiction"
"councilel","Conseil d'Elrond","event","Council of Elrond","Réunion à Fondcombe où représentants des peuples libres décident du sort de l'Anneau et forment la Communauté.","3018-10-25","","conseil,fondcombe,décision"
"battlehelm","Bataille du Gouffre de Helm","event","Battle of Helm's Deep","Bataille défensive du Rohan contre 10 000 Uruk-hai de Saroumane. Victoire grâce à Gandalf et aux Huorns.","3019-03-03","","bataille,rohan,victoire"
"battlepelen","Bataille des Champs du Pelennor","event","Battle of Pelennor Fields","Plus grande bataille de la Guerre de l'Anneau. Le Rohan sauve Minas Tirith. Mort de Théoden et du Roi-Sorcier.","3019-03-15","","bataille,gondor,victoire"
"battlegate","Bataille de la Porte Noire","event","Battle of the Black Gate, Battle of the Morannon","Bataille de diversion menée par Aragorn pour permettre à Frodon d'atteindre la Montagne du Destin.","3019-03-25","","bataille,mordor,diversion"
"destruction","Destruction de l'Anneau","event","Destruction of the One Ring","Gollum arrache l'Anneau à Frodon et tombe dans le feu de la Montagne du Destin, détruisant l'Anneau et Sauron.","3019-03-25","","anneau,victoire,fin"
"entattack","Bataille d'Isengard","event","Destruction of Isengard","Les Ents attaquent et inondent Isengard, piégeant Saroumane dans Orthanc.","3019-03-03","","ents,isengard,victoire"
"birthday","Fête d'adieu de Bilbon","event","Bilbo's Farewell Party","111e anniversaire de Bilbon où il disparaît et lègue l'Anneau à Frodon.","3001-09-22","","fête,comté,anneau"
"weatherattack","Attaque du Mont Venteux","event","Attack on Weathertop","Les cinq Nazgûl attaquent les Hobbits. Frodon est poignardé par une lame de Morgul.","3018-10-06","","nazgûl,blessure,danger"
"moriapassage","Traversée de la Moria","event","Passage through Moria","La Communauté traverse les mines et affronte orques et trolls. Gandalf tombe face au Balrog.","3019-01-15","","moria,balrog,perte"
"boromirdeath","Mort de Boromir","event","Death of Boromir","Boromir meurt à Amon Hen en défendant Merry et Pippin contre les Uruk-hai.","3019-02-26","","mort,héros,sacrifice"
"gandalfreturn","Retour de Gandalf","event","Return of Gandalf","Gandalf revient comme Gandalf le Blanc après avoir vaincu le Balrog.","3019-02-14","","gandalf,résurrection,blanc"
"coronation","Couronnement d'Aragorn","event","Coronation of Aragorn","Aragorn est couronné Roi Elessar du Gondor réunifié avec l'Arnor.","3019-05-01","","roi,gondor,victoire"
"departure","Départ des Havres Gris","event","Departure from Grey Havens","Gandalf, Galadriel, Elrond, Bilbon et Frodon quittent la Terre du Milieu pour les Terres Immortelles.","3021-09-29","","départ,fin,elfes"
"scouring","Nettoyage de la Comté","event","Scouring of the Shire","Les quatre Hobbits libèrent la Comté de l'emprise de Saroumane. Mort de Saroumane et Gríma.","3019-11-03","","comté,libération,retour"
"onering","L'Anneau Unique","object","The One Ring, l'Anneau de Pouvoir, Isildur's Bane","Anneau forgé par Sauron dans la Montagne du Destin pour contrôler tous les autres anneaux et dominer la Terre du Milieu. Corrompt ses porteurs.","","","anneau,pouvoir,corruption"
"sting","Dard","object","Sting","Épée elfique trouvée par Bilbon. Brille en présence d'orques. Donnée à Frodon.","","","épée,elfe,frodon"
"anduril","Andúril","object","Flame of the West, Narsil reforgée","Épée d'Aragorn, reforgée à partir des fragments de Narsil, l'épée qui coupa l'Anneau de Sauron.","","","épée,roi,aragorn"
"narsil","Narsil","object","Épée d'Elendil","Épée d'Elendil brisée en coupant l'Anneau de Sauron. Ses fragments conservés à Fondcombe.","","","épée,brisée,elendil"
"glamdring","Glamdring","object","Marteleur d'Ennemis","Épée de Gandalf, ancienne épée du Roi de Gondolin. Trouvée dans le trésor des trolls.","","","épée,gandalf,elfe"
"mithril","Cotte de Mithril","object","Mithril Coat","Cotte de mailles en mithril donnée à Bilbon par Thorin, puis à Frodon. Sauve sa vie à Moria.","","","armure,mithril,protection"
"phial","Fiole de Galadriel","object","Phial of Galadriel, Lumière d'Eärendil","Fiole contenant la lumière de l'étoile d'Eärendil. Donnée à Frodon, repousse Arachne.","","","lumière,galadriel,protection"
"palantir","Palantír","object","Pierre de Vision, Seeing Stone","Pierres de vision permettant de communiquer à distance. Saroumane et Denethor corrompus par leur usage.","","","vision,danger,communication"
"narya","Narya","object","Anneau de Feu, Anneau Rouge","Un des Trois Anneaux elfiques. Porté par Gandalf, inspire courage et résistance.","","","anneau,elfe,feu"
"nenya","Nenya","object","Anneau d'Eau, Anneau de Diamant","Un des Trois Anneaux elfiques. Porté par Galadriel, protège et préserve la Lothlórien.","","","anneau,elfe,eau"
"vilya","Vilya","object","Anneau d'Air, Anneau de Saphir","Le plus puissant des Trois Anneaux elfiques. Porté par Elrond, protège Fondcombe.","","","anneau,elfe,air"
"silmarils","Silmarils","object","Les Silmarils de Fëanor","Trois joyaux créés par Fëanor contenant la lumière des Arbres. Leur histoire domine le Premier Âge.","","","joyaux,lumière,histoire"
"evenstar","Étoile du Soir","object","Evenstar","Pendentif d'Arwen donné à Aragorn comme gage d'amour et symbole de son choix de mortalité.","","","bijou,amour,mortalité"
"horn","Cor de Gondor","object","Horn of Gondor","Cor de Boromir. Son appel peut être entendu à grande distance.","","","cor,gondor,boromir"
"redbook","Livre Rouge de la Marche de l'Ouest","object","Red Book of Westmarch","Chronique écrite par Bilbon puis Frodon et Sam. Source du récit du Seigneur des Anneaux.","","","livre,histoire,chronique"
"orthanc","Orthanc","object","Tour d'Isengard","Tour noire indestructible d'Isengard. Contient un Palantír.","","","tour,isengard,pierre"
"balrog","Balrog de Moria","object","Fléau de Durin, Démon de Feu","Maiar corrompu par Morgoth. Éveillé par les Nains dans les profondeurs de Moria. Tué par Gandalf.","","adversary","maiar,démon,feu"